class_name,AMC,CBM,IC,CAM,MFA,MOA,DAM,LOC,LCOM3,NPM,Ce,Ca,LCOM,RFC,CBO,NOC,DIT,WMC
Capture,164.6,0.0,0.0,0.4667,0.0,1.0,1.0,835.0,0.3214,5.0,2.0,1.0,0.0,60.0,3.0,0.0,0.0,5.0
Client,50.6047,0.0,0.0,0.1686,0.0,7.0,1.0,2249.0,0.9183,9.0,19.0,15.0,713.0,173.0,19.0,0.0,0.0,43.0
Convert,212.8333,0.0,0.0,0.4583,0.0,1.0,1.0,1297.0,0.3286,6.0,2.0,1.0,0.0,72.0,3.0,0.0,0.0,6.0
JSci.maths.LinearMath,138.2593,0.0,0.0,0.1571,0.0,0.0,1.0,3761.0,0.5769,13.0,15.0,8.0,339.0,66.0,19.0,0.0,0.0,27.0
JSci.maths.SpecialMath,183.44,0.0,0.0,0.3472,0.0,0.0,0.9655,4669.0,0.921,16.0,7.0,7.0,256.0,42.0,14.0,0.0,0.0,25.0
JSci.maths.symbolic.ExpressionParser,29.5,0.0,0.0,0.0754,0.0,9.0,0.8,2770.0,0.7546,23.0,21.0,1.0,1893.0,131.0,21.0,0.0,0.0,90.0
JSci.maths.symbolic.SimpleCharStream,25.4483,0.0,0.0,0.2202,0.0,0.0,0.6667,782.0,0.519,25.0,0.0,2.0,96.0,41.0,2.0,0.0,0.0,29.0
Joshua.FoxHunt.FoxHuntFrame,58.2222,0.0,0.0,0.4074,0.0,2.0,0.0,547.0,0.7321,3.0,5.0,1.0,12.0,63.0,5.0,0.0,0.0,9.0
Joshua.FoxHunt.HuntDisplay,49.1667,0.0,0.0,0.375,0.0,0.0,0.0,305.0,0.7,6.0,2.0,1.0,1.0,32.0,3.0,0.0,0.0,6.0
MP3,62.0,0.0,0.0,0.75,0.0,0.0,0.0,129.0,0.6667,2.0,0.0,1.0,0.0,22.0,1.0,0.0,0.0,2.0
Menu,160.5714,0.0,0.0,0.4643,0.0,1.0,1.0,1143.0,0.5,7.0,4.0,3.0,0.0,62.0,5.0,0.0,0.0,7.0
Newzgrabber.BatchDriver,100.5,0.0,0.0,0.75,0.0,2.0,1.0,414.0,0.875,4.0,7.0,2.0,0.0,34.0,7.0,0.0,0.0,4.0
Newzgrabber.Downloader,72.1429,0.0,0.0,0.2214,0.0,2.0,0.9615,1562.0,0.9442,18.0,12.0,4.0,152.0,88.0,13.0,0.0,0.0,21.0
Newzgrabber.Newzgrabber,67.7143,0.0,0.0,0.4038,0.0,5.0,0.0667,977.0,0.8359,13.0,14.0,22.0,63.0,104.0,23.0,0.0,0.0,14.0
Scanner,183.6842,0.0,0.0,0.273,0.0,0.0,0.4286,7025.0,0.6641,5.0,4.0,1.0,27.0,89.0,5.0,0.0,0.0,38.0
accessories.plugins.time.JDayChooser,28.2143,0.0,0.0,0.111,0.0,2.0,0.9667,1666.0,0.823,50.0,4.0,11.0,1174.0,145.0,11.0,1.0,0.0,56.0
apbs_mem_gui.Main,109.7105,0.0,0.0,0.2207,0.0,4.0,0.8372,4293.0,0.9246,9.0,16.0,8.0,595.0,201.0,19.0,0.0,0.0,38.0
bcry.battlecryGUI,97.0625,0.0,0.0,0.275,0.0,5.0,1.0,1628.0,0.809,4.0,8.0,6.0,30.0,119.0,10.0,0.0,0.0,16.0
bcry.bcGenerator,119.7895,0.0,0.0,0.3789,0.0,2.0,1.0,2302.0,0.6587,3.0,4.0,3.0,77.0,71.0,7.0,0.0,0.0,19.0
bible.obj.Verse,30.5,0.0,0.0,0.2095,0.0,1.0,1.0,510.0,0.7111,11.0,8.0,3.0,92.0,56.0,9.0,0.0,0.0,16.0
bible.util.Queue,23.0,0.0,0.0,0.4444,0.0,2.0,0.8333,294.0,0.5606,12.0,1.0,2.0,0.0,25.0,2.0,0.0,0.0,12.0
bierse.controller.DefaultSettingsController,79.6667,0.0,0.0,0.4667,0.0,3.0,1.0,245.0,0.1667,2.0,5.0,1.0,0.0,58.0,6.0,0.0,0.0,3.0
bierse.model.Drink,21.8,0.0,0.0,0.2159,0.0,1.0,0.8571,1047.0,0.8907,45.0,8.0,8.0,648.0,86.0,15.0,0.0,0.0,45.0
ch.bfh.egov.nutzenportfolio.common.AuswertungGrafik,229.25,0.0,0.0,0.5833,0.0,0.0,1.0,942.0,0.6032,2.0,3.0,0.0,0.0,45.0,3.0,0.0,0.0,4.0
ch.bfh.egov.nutzenportfolio.service.fragebogen.NaOpNuDaoService,111.625,0.0,0.0,0.2308,0.0,5.0,1.0,907.0,0.619,7.0,17.0,0.0,0.0,90.0,17.0,0.0,0.0,8.0
ch.bluepenguin.email.client.tapestry.MessageList,15.8462,0.0,0.0,0.2833,0.0,2.0,1.0,222.0,0.75,12.0,7.0,1.0,52.0,39.0,8.0,0.0,0.0,13.0
client.network.ForwardingObserver,66.0,0.0,0.0,0.6,0.0,2.0,1.0,136.0,0.0,2.0,9.0,1.0,0.0,20.0,9.0,0.0,0.0,2.0
com.aelitis.azureus.ui.swt.feature.FeatureManagerUIListener,43.375,0.0,0.0,0.2267,0.0,1.0,1.0,717.0,0.9143,5.0,32.0,8.0,82.0,79.0,35.0,0.0,0.0,16.0
com.aelitis.azureus.ui.swt.skin.SWTSkinObjectContainer,36.1667,0.0,0.0,0.2273,0.0,0.0,0.6,674.0,0.8118,13.0,21.0,40.0,61.0,72.0,56.0,2.0,0.0,18.0
com.allenstudio.ir.ui.MainMenu,80.25,0.0,0.0,0.5,0.0,1.0,1.0,329.0,1.25,2.0,4.0,1.0,6.0,33.0,5.0,0.0,0.0,4.0
com.allenstudio.ir.util.XmlElement,17.6944,0.0,0.0,0.2824,0.0,1.0,0.0,678.0,0.64,35.0,0.0,2.0,188.0,72.0,2.0,0.0,0.0,36.0
com.browsersoft.aacs.User,18.0769,0.0,0.0,0.1936,0.0,0.0,0.9048,1013.0,0.9169,49.0,2.0,6.0,1102.0,90.0,8.0,0.0,0.0,52.0
com.browsersoft.openhre.hl7.impl.regular.ExpressionImpl,17.8333,0.0,0.0,0.3333,0.0,0.0,1.0,228.0,0.5,12.0,5.0,2.0,18.0,33.0,7.0,0.0,0.0,12.0
com.densebrain.rif.server.transport.WebServiceDescriptor,9.7778,0.0,0.0,0.4167,0.0,0.0,0.0,100.0,0.6667,9.0,0.0,1.0,4.0,12.0,1.0,0.0,0.0,9.0
com.eteks.sweethome3d.SweetHome3D,31.5,0.0,0.0,0.2308,0.0,7.0,1.0,857.0,0.9033,6.0,39.0,20.0,311.0,121.0,46.0,0.0,0.0,26.0
com.eteks.sweethome3d.j3d.Room3D,139.3889,0.0,0.0,0.2275,0.0,1.0,1.0,2531.0,0.8971,3.0,17.0,4.0,139.0,149.0,20.0,0.0,0.0,18.0
com.eteks.sweethome3d.viewcontroller.HomeController,31.7358,0.0,0.0,0.0854,0.0,12.0,1.0,3486.0,0.7161,65.0,100.0,104.0,3237.0,361.0,153.0,1.0,0.0,106.0
com.eteks.sweethome3d.viewcontroller.RoomController,27.7941,0.0,0.0,0.1176,0.0,9.0,1.0,998.0,0.8852,29.0,17.0,29.0,361.0,87.0,42.0,0.0,0.0,34.0
com.gbshape.dbe.sapdb.SapdbTableList,47.5,0.0,0.0,0.75,0.0,0.0,0.0,97.0,2.0,2.0,4.0,0.0,1.0,17.0,4.0,0.0,0.0,2.0
com.gbshape.dbe.utils.DBEHelper,52.8438,0.0,0.0,0.1295,0.0,0.0,1.0,1725.0,1.0323,30.0,8.0,44.0,496.0,117.0,52.0,0.0,0.0,32.0
com.google.common.base.CharMatcher,27.0303,0.0,0.0,0.2014,0.0,15.0,0.1176,942.0,1.0,30.0,21.0,30.0,526.0,74.0,33.0,17.0,0.0,33.0
com.google.common.base.Joiner,8.7,0.0,0.0,0.23,0.0,0.0,1.0,195.0,0.2632,14.0,5.0,27.0,178.0,36.0,29.0,2.0,0.0,20.0
com.google.common.base.Objects,9.0,0.0,0.0,0.2,0.0,0.0,0.0,80.0,2.0,6.0,3.0,45.0,28.0,18.0,48.0,0.0,0.0,8.0
com.google.common.base.Predicates,6.6667,0.0,0.0,0.0751,0.0,1.0,1.0,185.0,0.9565,18.0,15.0,19.0,274.0,44.0,32.0,0.0,0.0,24.0
com.google.common.base.Splitter,9.65,0.0,0.0,0.16,0.0,2.0,1.0,217.0,0.3684,13.0,9.0,14.0,152.0,37.0,16.0,0.0,0.0,20.0
com.google.common.base.Suppliers,6.8571,0.0,0.0,0.2143,0.0,0.0,0.0,55.0,2.0,6.0,9.0,1.0,21.0,14.0,10.0,0.0,0.0,7.0
com.google.common.util.concurrent.Monitor,25.1538,0.0,0.0,0.3114,0.0,0.0,1.0,1022.0,0.4605,31.0,3.0,1.0,0.0,70.0,3.0,0.0,0.0,39.0
com.google.javascript.jscomp.CheckGlobalThis,34.1667,0.0,0.0,0.6,0.0,3.0,0.6667,214.0,0.6667,2.0,8.0,2.0,1.0,31.0,10.0,0.0,0.0,6.0
com.google.javascript.jscomp.CollapseProperties,57.52,0.0,0.0,0.2727,0.0,4.0,0.625,1471.0,0.8385,1.0,31.0,2.0,110.0,143.0,32.0,0.0,0.0,25.0
com.google.javascript.jscomp.ControlFlowAnalysis,38.5,0.0,0.0,0.19,0.0,4.0,1.0,1592.0,0.8462,5.0,16.0,8.0,704.0,100.0,22.0,0.0,0.0,40.0
com.google.javascript.jscomp.ExploitAssigns,37.1429,0.0,0.0,0.5357,0.0,0.0,0.0,267.0,2.0,0.0,4.0,1.0,21.0,28.0,5.0,0.0,0.0,7.0
com.google.javascript.jscomp.PeepholeSubstituteAlternateSyntax,53.7143,0.0,0.0,0.3368,0.0,3.0,0.7778,2690.0,0.9444,1.0,18.0,5.0,1130.0,177.0,21.0,0.0,0.0,49.0
com.google.javascript.jscomp.ReferenceCollectingCallback,15.0,0.0,0.0,0.2593,0.0,4.0,0.8333,262.0,0.7778,11.0,23.0,7.0,72.0,52.0,30.0,0.0,0.0,16.0
com.google.javascript.jscomp.ScopedAliases,22.4286,0.0,0.0,0.3056,0.0,10.0,0.2727,175.0,0.9394,2.0,12.0,4.0,11.0,30.0,15.0,0.0,0.0,7.0
com.google.javascript.jscomp.parsing.JsDocInfoParser,60.129,0.0,0.0,0.1279,0.0,12.0,1.0,3805.0,0.8022,1.0,27.0,2.0,1283.0,198.0,28.0,0.0,0.0,62.0
com.google.javascript.rhino.jstype.RecordType,40.5455,0.0,0.0,0.2149,0.0,0.0,1.0,461.0,0.75,3.0,12.0,5.0,17.0,62.0,13.0,0.0,0.0,11.0
com.gotoservers.ftp.FtpApplet,30.8333,0.0,0.0,1.0,0.0,3.0,0.0,201.0,0.88,5.0,3.0,1.0,1.0,30.0,3.0,0.0,0.0,6.0
com.hf.sfm.crypt.Base64,194.2,0.0,0.0,0.2222,0.0,0.0,1.0,1956.0,0.5556,6.0,0.0,1.0,41.0,25.0,1.0,0.0,0.0,10.0
com.ib.client.ComboLeg,25.0,0.0,0.0,0.5625,0.0,0.0,0.0,115.0,0.4848,4.0,1.0,1.0,4.0,6.0,2.0,0.0,0.0,4.0
com.ib.client.ExecutionFilter,31.0,0.0,0.0,0.5,0.0,0.0,0.0,103.0,0.4286,3.0,0.0,1.0,0.0,5.0,1.0,0.0,0.0,3.0
com.imsmart.servlet.HTMLFilter,33.5,0.0,0.0,0.5,0.0,0.0,0.0,69.0,2.0,2.0,0.0,1.0,1.0,9.0,1.0,0.0,0.0,2.0
com.jstevh.viewer.ClassInfo,39.04,0.0,0.0,0.1556,0.0,1.0,0.7273,1012.0,0.7727,18.0,5.0,6.0,64.0,69.0,10.0,0.0,0.0,25.0
com.jstevh.viewer.ClassViewer,58.65,0.0,0.0,0.1937,0.0,3.0,0.2063,2449.0,0.9369,9.0,21.0,15.0,626.0,168.0,21.0,0.0,0.0,40.0
com.jstevh.viewer.SAXDirParser,26.3077,0.0,0.0,0.1528,0.0,1.0,0.9091,366.0,0.8561,12.0,1.0,1.0,36.0,38.0,2.0,0.0,0.0,13.0
com.liferay.portal.kernel.servlet.filters.invoker.FilterMapping,39.8,0.0,0.0,0.3492,0.0,1.0,1.0,419.0,0.7677,5.0,5.0,3.0,17.0,38.0,8.0,0.0,0.0,10.0
com.liferay.portlet.documentlibrary.model.DLSyncWrapper,8.2679,0.0,0.0,0.1393,0.0,1.0,1.0,520.0,0.0364,56.0,6.0,0.0,0.0,107.0,6.0,0.0,0.0,56.0
com.lts.event.SimpleKeyListenerHelper,9.3333,0.0,0.0,0.4,0.0,0.0,1.0,63.0,0.6,6.0,2.0,0.0,9.0,15.0,2.0,0.0,0.0,6.0
com.lts.io.DirectoryScanner,59.913,0.0,0.0,0.2909,0.0,0.0,1.0,1412.0,0.7314,14.0,1.0,5.0,181.0,51.0,6.0,1.0,0.0,23.0
com.lts.swing.combobox.SimpleComboBox,21.0,0.0,0.0,0.375,0.0,1.0,1.0,134.0,0.7,6.0,1.0,0.0,9.0,19.0,1.0,0.0,0.0,6.0
com.mentorgen.tools.profile.runtime.Profile,26.0435,0.0,0.0,0.1591,0.0,2.0,1.0,632.0,0.7591,21.0,6.0,3.0,99.0,86.0,8.0,0.0,0.0,23.0
com.mytdev.resources4j.impl.AbstractResources,26.4561,0.0,0.0,0.1655,0.0,0.0,1.0,1588.0,0.9332,54.0,1.0,2.0,1480.0,113.0,3.0,2.0,0.0,57.0
com.pmdesigns.jvc.tools.JVCParser,49.8824,0.0,0.0,0.168,0.0,4.0,0.7917,1754.0,0.7336,17.0,5.0,2.0,263.0,84.0,7.0,0.0,0.0,34.0
com.pmdesigns.jvc.tools.JVCParserTokenManager,129.4737,0.0,0.0,0.4179,0.0,1.0,0.2105,7456.0,0.6682,7.0,4.0,1.0,388.0,73.0,5.0,0.0,0.0,57.0
com.pmdesigns.jvc.tools.TokenMgrError,28.8333,0.0,0.0,0.5,0.0,0.0,0.1667,185.0,1.1333,4.0,0.0,1.0,15.0,22.0,1.0,0.0,0.0,6.0
com.sap.managementconsole.soap.axis.sapcontrol.HeapInfo,23.0,0.0,0.0,0.236,0.0,1.0,1.0,587.0,0.8458,23.0,8.0,2.0,174.0,43.0,10.0,0.0,0.0,24.0
com.sap.managementconsole.soap.axis.sapcontrol.J2EEApplicationAlias,22.5556,0.0,0.0,0.2745,0.0,0.0,1.0,432.0,0.8015,17.0,7.0,2.0,81.0,33.0,9.0,0.0,0.0,18.0
com.soops.CEN4010.JMCA.JMCAAnalyzer,80.3333,0.0,0.0,0.2917,0.0,0.0,1.0,980.0,0.7955,3.0,6.0,1.0,42.0,61.0,7.0,0.0,0.0,12.0
com.soops.CEN4010.JMCA.JParser.JavaCharStream,39.8387,0.0,0.0,0.3011,0.0,0.0,0.7059,1283.0,0.4706,25.0,0.0,2.0,139.0,44.0,2.0,0.0,0.0,31.0
com.soops.CEN4010.JMCA.JParser.JavaParser,35.6559,0.0,0.0,0.1254,0.0,9.0,0.4615,17058.0,0.6044,121.0,12.0,3.0,68234.0,501.0,14.0,0.0,0.0,465.0
com.soops.CEN4010.JMCA.JParser.JavaParserTokenManager,141.093,0.0,0.0,0.3175,0.0,1.0,0.1333,6140.0,0.8246,7.0,5.0,1.0,195.0,64.0,6.0,0.0,0.0,43.0
com.werken.saxpath.XPathLexer,23.4091,0.0,0.0,0.2318,0.0,1.0,1.0,1078.0,0.5698,3.0,1.0,1.0,920.0,51.0,2.0,0.0,0.0,44.0
com.yahoo.platform.yui.compressor.JavaScriptCompressor,132.5357,0.0,0.0,0.1717,0.0,1.0,0.65,3759.0,0.8,2.0,9.0,2.0,170.0,111.0,10.0,0.0,0.0,28.0
com.yahoo.platform.yui.compressor.ScriptOrFnScope,25.0909,0.0,0.0,0.3636,0.0,1.0,1.0,294.0,0.7857,0.0,2.0,2.0,11.0,31.0,2.0,0.0,0.0,11.0
com.yahoo.platform.yui.compressor.YUICompressor,115.0,0.0,0.0,0.25,0.0,0.0,0.0,464.0,2.0,2.0,8.0,0.0,6.0,49.0,8.0,0.0,0.0,4.0
corina.formats.TucsonSimple,29.3333,0.0,0.0,0.3333,0.0,0.0,0.0,273.0,2.0,5.0,7.0,0.0,36.0,35.0,7.0,0.0,0.0,9.0
de.beiri22.stringincrementor.StringIncrementor,68.4,0.0,0.0,0.45,0.0,0.0,0.0,347.0,2.0,5.0,4.0,1.0,10.0,38.0,5.0,0.0,0.0,5.0
de.beiri22.stringincrementor.helper.IndexedString,50.0,0.0,0.0,0.5,0.0,0.0,1.0,155.0,0.25,2.0,0.0,1.0,0.0,6.0,1.0,0.0,0.0,3.0
de.devcity.parseargs.ArgsParser,61.5556,0.0,0.0,0.4815,0.0,0.0,0.5,567.0,0.7188,9.0,3.0,0.0,0.0,27.0,3.0,0.0,0.0,9.0
de.huxhorn.lilith.data.access.AccessEvent,14.5294,0.0,0.0,0.2101,0.0,1.0,1.0,544.0,0.9205,34.0,1.0,26.0,413.0,47.0,27.0,0.0,0.0,34.0
de.outstare.fortbattleplayer.model.impl.SimpleSector,18.5217,0.0,0.0,0.1768,0.0,2.0,0.9231,462.0,0.8252,16.0,9.0,2.0,147.0,41.0,11.0,0.0,0.0,23.0
de.outstare.fortbattleplayer.statistics.BattleStatistics,27.6667,0.0,0.0,0.2323,0.0,6.0,0.9583,1314.0,0.9299,36.0,24.0,2.0,834.0,130.0,26.0,0.0,0.0,45.0
de.paragon.explorer.event.ExplorerFrameEventConverter,23.4524,0.0,0.0,0.1227,0.0,8.0,1.0,1037.0,0.8537,20.0,26.0,4.0,847.0,167.0,27.0,0.0,0.0,42.0
de.paragon.explorer.model.AttributeModelComparator,17.3333,0.0,0.0,0.5556,0.0,0.0,1.0,57.0,1.5,3.0,1.0,2.0,3.0,6.0,3.0,0.0,0.0,3.0
de.progra.charting.CoordSystemUtilities,87.4615,0.0,0.0,0.2923,0.0,4.0,1.0,1155.0,0.6167,13.0,5.0,1.0,0.0,61.0,5.0,0.0,0.0,13.0
de.progra.charting.DefaultChart,33.4286,0.0,0.0,0.5,0.0,0.0,0.0,243.0,0.8333,5.0,7.0,5.0,19.0,49.0,12.0,0.0,0.0,7.0
de.tudarmstadt.ukp.wikipedia.api.CycleHandler,49.4,0.0,0.0,0.4,0.0,2.0,0.5,256.0,0.3125,3.0,10.0,1.0,0.0,30.0,10.0,0.0,0.0,5.0
de.tudarmstadt.ukp.wikipedia.api.Title,16.2,0.0,0.0,0.65,0.0,0.0,1.0,178.0,0.8704,7.0,1.0,15.0,33.0,24.0,16.0,0.0,0.0,10.0
de.tudarmstadt.ukp.wikipedia.api.WikipediaInfo,49.0667,0.0,0.0,0.4111,0.0,1.0,1.0,758.0,0.6939,10.0,15.0,0.0,37.0,70.0,15.0,0.0,0.0,15.0
dk.statsbiblioteket.summa.storage.database.StatementHandler,24.9259,0.0,0.0,0.3077,0.0,0.0,1.0,706.0,0.6282,23.0,6.0,2.0,335.0,48.0,8.0,1.0,0.0,27.0
dk.statsbiblioteket.summa.support.harmonise.InteractionAdjuster,71.8276,0.0,0.0,0.1786,0.0,3.0,0.4,2157.0,0.977,5.0,31.0,4.0,238.0,151.0,34.0,0.0,0.0,29.0
dsachat.client.gui.InternalChatFrame,53.3125,0.0,0.0,0.2222,0.0,1.0,1.0,878.0,0.763,12.0,2.0,1.0,72.0,91.0,2.0,0.0,0.0,16.0
dsachat.server.Handler,59.5333,0.0,0.0,0.3778,0.0,0.0,1.0,909.0,0.0714,4.0,8.0,4.0,0.0,60.0,12.0,0.0,0.0,15.0
edu.mscd.cs.jclo.JCLO,25.6757,0.0,0.0,0.2635,0.0,0.0,1.0,993.0,0.5926,26.0,0.0,2.0,630.0,89.0,2.0,0.0,0.0,37.0
fi.vtt.noen.mfw.bundle.probe.shared.ProbeInformation,24.1538,0.0,0.0,0.3077,0.0,0.0,1.0,335.0,0.6563,13.0,1.0,18.0,0.0,23.0,19.0,0.0,0.0,13.0
fi.vtt.noen.testgen.observations.formatter.DaikonFormatter,38.5,0.0,0.0,0.2857,0.0,0.0,1.0,556.0,0.7949,8.0,8.0,1.0,81.0,50.0,9.0,0.0,0.0,14.0
fps370.Fps370Panel,85.1304,0.0,0.0,0.1848,0.0,4.0,0.05,2041.0,0.9129,18.0,21.0,6.0,143.0,183.0,21.0,0.0,0.0,23.0
fr.pingtimeout.jtail.gui.action.IndexFileAction,41.75,0.0,0.0,0.4444,0.0,2.0,1.0,175.0,0.6667,3.0,14.0,2.0,0.0,30.0,16.0,0.0,0.0,4.0
fr.pingtimeout.jtail.gui.view.JTailPanel,65.8,0.0,0.0,0.36,0.0,1.0,0.1429,341.0,0.6429,4.0,7.0,4.0,0.0,51.0,8.0,0.0,0.0,5.0
fr.unice.gfarce.dao.OracleIdentiteDao,60.625,0.0,0.0,0.4,0.0,0.0,0.5,495.0,0.1429,8.0,5.0,1.0,8.0,43.0,6.0,0.0,0.0,8.0
fr.unice.gfarce.interGraph.ModifTableStockage,126.6667,0.0,0.0,0.3556,0.0,1.0,1.0,1152.0,0.0,9.0,1.0,2.0,0.0,39.0,3.0,0.0,0.0,9.0
framework.util.StringUtils,19.9714,0.0,0.0,0.1405,0.0,0.0,1.0,742.0,0.989,33.0,5.0,16.0,593.0,100.0,19.0,0.0,0.0,35.0
framework.util.jdbc.JDBCUtils,35.2424,0.0,0.0,0.1903,0.0,0.0,1.0,1203.0,0.9777,23.0,6.0,7.0,496.0,115.0,12.0,0.0,0.0,33.0
freemind.extensions.ExportHook,52.7143,0.0,0.0,0.5714,0.0,1.0,1.0,377.0,1.0,3.0,9.0,5.0,19.0,57.0,14.0,4.0,0.0,7.0
geo.google.datamodel.GeoStatusCode,21.875,0.0,0.0,0.381,0.0,11.0,0.2308,196.0,0.8352,6.0,1.0,3.0,20.0,12.0,4.0,0.0,0.0,8.0
geo.google.mapping.AddressToUsAddressFunctor,31.0,0.0,0.0,0.4167,0.0,1.0,1.0,161.0,0.75,4.0,19.0,1.0,8.0,42.0,20.0,0.0,0.0,5.0
ghm.follow.gui.TabbedPane,17.6667,0.0,0.0,0.4583,0.0,1.0,1.0,113.0,0.2,5.0,2.0,1.0,13.0,23.0,3.0,0.0,0.0,6.0
ghm.follow.search.SearchableTextPane,34.5556,0.0,0.0,0.3175,0.0,0.0,1.0,324.0,0.8125,6.0,3.0,10.0,26.0,46.0,13.0,0.0,0.0,9.0
glengineer.agents.GroupAgent,21.5,0.0,0.0,0.2347,0.0,0.0,1.0,631.0,0.1852,23.0,10.0,14.0,0.0,70.0,18.0,2.0,0.0,28.0
glengineer.blocks.Block,24.9091,0.0,0.0,0.4318,0.0,1.0,1.0,286.0,0.4,11.0,5.0,6.0,23.0,29.0,9.0,2.0,0.0,11.0
gnu.trove.decorator.TDoubleShortMapDecorator,11.0455,0.0,0.0,0.1773,0.0,1.0,0.5,267.0,0.6667,18.0,2.0,4.0,121.0,45.0,5.0,0.0,0.0,22.0
gnu.trove.decorator.TShortByteMapDecorator,11.0455,0.0,0.0,0.1773,0.0,1.0,0.5,267.0,0.6667,18.0,2.0,4.0,121.0,45.0,5.0,0.0,0.0,22.0
gnu.trove.impl.hash.TCharHash,25.7857,0.0,0.0,0.4048,0.0,0.0,0.5,379.0,0.6731,7.0,4.0,5.0,0.0,23.0,9.0,2.0,0.0,14.0
gnu.trove.impl.hash.TFloatCharHash,29.8889,0.0,0.0,0.2847,0.0,0.0,0.6,561.0,0.7294,10.0,3.0,1.0,13.0,34.0,4.0,1.0,0.0,18.0
gnu.trove.impl.hash.TFloatDoubleHash,29.8889,0.0,0.0,0.2847,0.0,0.0,0.6,561.0,0.7294,10.0,3.0,1.0,13.0,34.0,4.0,1.0,0.0,18.0
gnu.trove.impl.hash.TShortHash,25.7857,0.0,0.0,0.4048,0.0,0.0,0.5,379.0,0.6731,7.0,4.0,5.0,0.0,23.0,9.0,2.0,0.0,14.0
gnu.trove.list.linked.TDoubleLinkedList,23.3289,0.0,0.0,0.125,0.0,2.0,0.0,1853.0,0.5367,68.0,8.0,2.0,2190.0,124.0,9.0,0.0,0.0,76.0
gnu.trove.map.hash.TByteFloatHashMap,20.5745,0.0,0.0,0.1157,0.0,0.0,0.5,1016.0,0.7283,36.0,14.0,6.0,543.0,108.0,16.0,0.0,0.0,47.0
gnu.trove.map.hash.TByteObjectHashMap,22.1842,0.0,0.0,0.1151,0.0,1.0,0.75,885.0,0.7905,32.0,15.0,8.0,317.0,95.0,18.0,0.0,0.0,38.0
gnu.trove.map.hash.TFloatObjectHashMap,22.1842,0.0,0.0,0.1211,0.0,1.0,0.75,885.0,0.7905,32.0,15.0,8.0,317.0,98.0,18.0,0.0,0.0,38.0
gui.AudioManager,44.1818,0.0,0.0,0.475,0.0,0.0,1.0,508.0,0.6,9.0,4.0,3.0,0.0,46.0,7.0,0.0,0.0,11.0
httpanalyzer.HttpAnalyzerView,77.4848,0.0,0.0,0.1818,0.0,6.0,0.6161,5292.0,0.9636,5.0,71.0,37.0,2033.0,351.0,71.0,0.0,0.0,66.0
httpanalyzer.Password,482.5556,0.0,0.0,0.3438,0.0,0.0,1.0,4363.0,0.6932,3.0,0.0,2.0,24.0,27.0,2.0,0.0,0.0,9.0
ioproject.server.network.ClientGroup,21.6667,0.0,0.0,0.3194,0.0,2.0,1.0,276.0,0.4545,7.0,3.0,3.0,0.0,29.0,6.0,1.0,0.0,12.0
ipac.BinaryCalculate,118.8333,0.0,0.0,0.6389,0.0,0.0,0.0,1450.0,0.5606,5.0,2.0,2.0,0.0,44.0,3.0,0.0,0.0,12.0
ipac.WhoIS,75.2857,0.0,0.0,0.3036,0.0,0.0,0.0,1086.0,0.7393,3.0,8.0,9.0,69.0,86.0,10.0,0.0,0.0,14.0
jahuwaldt.plot.PlotAxis,9.9643,0.0,0.0,0.1591,0.0,1.0,0.7647,324.0,0.9216,24.0,4.0,5.0,252.0,36.0,9.0,2.0,0.0,28.0
jaw.entrada.Abrir,41.25,0.0,0.0,0.625,0.0,1.0,0.0,173.0,0.8333,2.0,9.0,3.0,0.0,26.0,9.0,0.0,0.0,4.0
jaw.entrada.Salvar,236.0,0.0,0.0,1.0,0.0,0.0,0.2857,244.0,2.0,1.0,9.0,3.0,0.0,34.0,9.0,0.0,0.0,1.0
jcmdline.HelpCmdLineHandler,26.2308,0.0,0.0,0.4505,0.0,3.0,1.0,360.0,0.0,12.0,9.0,4.0,76.0,36.0,13.0,0.0,0.0,13.0
jgaapGUI,308.0,0.0,0.0,0.625,0.0,1.0,0.9818,1291.0,0.6121,3.0,4.0,1.0,2.0,84.0,5.0,0.0,0.0,4.0
jigl.image.levelSetTool.LevelSetNudge,1387.2857,0.0,0.0,0.4167,0.0,8.0,0.7222,9736.0,0.7315,3.0,3.0,1.0,0.0,18.0,4.0,0.0,0.0,7.0
jigl.image.ops.ConnectedComponents,156.6667,0.0,0.0,0.6667,0.0,0.0,0.5,477.0,0.75,1.0,6.0,0.0,1.0,15.0,6.0,0.0,0.0,3.0
jigl.image.ops.Shift,52.8889,0.0,0.0,0.3333,0.0,0.0,0.6,490.0,0.45,1.0,7.0,0.0,30.0,28.0,7.0,0.0,0.0,9.0
jigl.image.ops.levelOps.Clip,41.3636,0.0,0.0,0.2525,0.0,0.0,1.0,470.0,0.15,3.0,9.0,0.0,45.0,46.0,9.0,0.0,0.0,11.0
jipa.Main,54.5,0.0,0.0,0.2564,0.0,0.0,0.0,780.0,0.7949,13.0,4.0,1.0,75.0,56.0,4.0,0.0,0.0,14.0
jipa.Variable,12.5,0.0,0.0,0.4444,0.0,0.0,0.6667,138.0,0.4815,4.0,0.0,1.0,7.0,22.0,1.0,0.0,0.0,10.0
lotus.core.Game,17.8571,0.0,0.0,0.1667,0.0,5.0,0.0,138.0,0.6944,6.0,8.0,15.0,13.0,18.0,20.0,0.0,0.0,7.0
lotus.core.phases.Phase,30.75,0.0,0.0,0.375,0.0,0.0,0.0,127.0,2.0,3.0,15.0,17.0,6.0,20.0,17.0,13.0,0.0,4.0
macaw.presentationLayer.MacawWorkBench,44.2222,0.0,0.0,0.2667,0.0,1.0,1.0,413.0,0.7083,4.0,13.0,0.0,20.0,53.0,13.0,0.0,0.0,9.0
macaw.util.DisplayableListPanel,30.8696,0.0,0.0,0.1594,0.0,10.0,1.0,757.0,0.6818,17.0,15.0,4.0,89.0,58.0,19.0,0.0,0.0,23.0
mindbright.ssh.SSHSCPGUIThread,75.5,0.0,0.0,0.1948,0.0,5.0,0.0,1098.0,0.8889,10.0,8.0,4.0,55.0,66.0,10.0,0.0,0.0,14.0
mygrid.web._AvailableJobsResponse,16.7778,0.0,0.0,0.2708,0.0,1.0,1.0,164.0,0.75,8.0,8.0,3.0,14.0,23.0,11.0,0.0,0.0,9.0
mygrid.web._Fail,16.7778,0.0,0.0,0.2708,0.0,1.0,1.0,164.0,0.75,8.0,8.0,3.0,14.0,23.0,11.0,0.0,0.0,9.0
net.kencochrane.a4j.DAO.Product,114.5,0.0,0.0,0.75,0.0,0.0,0.0,231.0,2.0,2.0,8.0,1.0,1.0,37.0,9.0,0.0,0.0,2.0
net.kencochrane.a4j.file.FileUtil,60.36,0.0,0.0,0.52,0.0,0.0,1.0,1536.0,0.4583,25.0,2.0,3.0,208.0,63.0,5.0,0.0,0.0,25.0
net.sf.javaml.core.AbstractInstance,20.2222,0.0,0.0,0.4118,0.0,0.0,0.75,386.0,0.8824,15.0,3.0,3.0,133.0,30.0,4.0,2.0,0.0,18.0
net.sf.javaml.core.Complex,15.0,0.0,0.0,0.5,0.0,1.0,0.0,211.0,0.3611,12.0,0.0,1.0,0.0,19.0,1.0,0.0,0.0,13.0
net.sf.javaml.core.DefaultDataset,16.3077,0.0,0.0,0.274,0.0,0.0,1.0,453.0,0.5333,23.0,4.0,21.0,295.0,71.0,24.0,0.0,0.0,26.0
net.sf.javaml.core.DenseInstance,13.7857,0.0,0.0,0.2054,0.0,0.0,1.0,416.0,0.5926,27.0,3.0,11.0,36.0,60.0,13.0,0.0,0.0,28.0
net.sf.javaml.core.Fold,6.3158,0.0,0.0,0.1794,0.0,1.0,1.0,280.0,0.8108,37.0,5.0,2.0,655.0,53.0,5.0,0.0,0.0,38.0
net.sf.javaml.core.SparseInstance,12.5278,0.0,0.0,0.2099,0.0,0.0,1.0,491.0,0.5786,35.0,2.0,5.0,198.0,70.0,7.0,0.0,0.0,36.0
net.sf.javaml.tools.data.ARFFHandler,38.3333,0.0,0.0,0.4444,0.0,0.0,0.0,118.0,2.0,3.0,5.0,0.0,3.0,17.0,5.0,0.0,0.0,3.0
net.sf.lavalamp.device.TimeOfDay,13.6667,0.0,0.0,0.3111,0.0,0.0,1.0,134.0,0.125,9.0,0.0,2.0,0.0,23.0,2.0,0.0,0.0,9.0
net.sf.sugar.fspath.FSPathResult,7.4615,0.0,0.0,0.2088,0.0,0.0,1.0,116.0,0.8333,13.0,0.0,6.0,42.0,19.0,6.0,0.0,0.0,13.0
net.sf.sugar.fspath.cli.FSPathExplorer,66.2857,0.0,0.0,0.4286,0.0,2.0,1.0,477.0,0.6667,2.0,8.0,0.0,11.0,49.0,8.0,0.0,0.0,7.0
net.sf.xbus.base.core.MessageHandler,40.6667,0.0,0.0,0.7333,0.0,0.0,1.0,253.0,0.6,3.0,4.0,3.0,7.0,35.0,7.0,0.0,0.0,6.0
net.sf.xbus.base.core.reflection.XBUSClassLoader,31.2,0.0,0.0,0.35,0.0,1.0,1.0,163.0,0.5,1.0,2.0,11.0,8.0,22.0,13.0,0.0,0.0,5.0
net.sf.xisemele.impl.OperationsHelperImpl,30.0,0.0,0.0,0.48,0.0,0.0,1.0,156.0,1.25,4.0,1.0,1.0,10.0,20.0,2.0,0.0,0.0,5.0
net.sourceforge.beanbin.reflect.MethodReflectionCriteria,47.0,0.0,0.0,0.4762,0.0,0.0,1.0,338.0,1.0,2.0,4.0,1.0,19.0,33.0,5.0,0.0,0.0,7.0
net.sourceforge.beanbin.reflect.ReflectionSearch,22.8,0.0,0.0,0.425,0.0,1.0,1.0,240.0,0.5556,7.0,9.0,5.0,9.0,40.0,14.0,0.0,0.0,10.0
net.sourceforge.ext4j.log.log4j.ExtrasPatternParser,33.5,0.0,0.0,0.6667,0.0,0.0,0.0,69.0,2.0,1.0,8.0,1.0,1.0,12.0,9.0,0.0,0.0,2.0
net.sourceforge.ext4j.taglib.bo.Request,26.5938,0.0,0.0,0.25,0.0,0.0,1.0,895.0,0.8441,29.0,4.0,1.0,340.0,76.0,5.0,0.0,0.0,32.0
net.sourceforge.jwbf.mediawiki.actions.editing.MovePage,53.4286,0.0,0.0,0.3611,0.0,1.0,1.0,389.0,0.6042,3.0,17.0,0.0,0.0,49.0,17.0,0.0,0.0,7.0
net.sourceforge.jwbf.mediawiki.actions.queries.TemplateUserTitles,28.375,0.0,0.0,0.5,0.0,1.0,1.0,241.0,0.7857,2.0,11.0,0.0,12.0,31.0,11.0,0.0,0.0,8.0
net.sourceforge.schemaspy.model.Table,35.746,0.0,0.0,0.1037,0.0,4.0,1.0,2334.0,0.9058,47.0,12.0,43.0,1531.0,193.0,50.0,3.0,0.0,63.0
net.sourceforge.schemaspy.model.xml.TableMeta,20.4286,0.0,0.0,0.5833,0.0,0.0,1.0,156.0,0.8333,5.0,1.0,3.0,9.0,26.0,4.0,0.0,0.0,7.0
net.sourceforge.squirrel_sql.client.preferences.GlobalPreferencesSheet,43.9333,0.0,0.0,0.2143,0.0,4.0,0.8,684.0,0.7143,5.0,26.0,5.0,47.0,112.0,28.0,0.0,0.0,15.0
net.sourceforge.squirrel_sql.fw.gui.CascadeInternalFramePositioner,59.5,0.0,0.0,0.75,0.0,0.0,1.0,125.0,1.0,2.0,1.0,2.0,0.0,15.0,3.0,0.0,0.0,2.0
net.virtualinfinity.atrobots.gui.renderers.RobotRenderer,27.5789,0.0,0.0,0.3889,0.0,0.0,1.0,549.0,0.8056,11.0,7.0,6.0,145.0,66.0,13.0,0.0,0.0,19.0
net.virtualinfinity.atrobots.robot.Robot,12.1884,0.0,0.0,0.0532,0.0,20.0,1.0,935.0,0.9553,61.0,57.0,22.0,2160.0,185.0,69.0,0.0,0.0,69.0
nu.staldal.lagoon.LagoonCLI,108.0,0.0,0.0,0.25,0.0,0.0,1.0,548.0,0.9167,2.0,6.0,0.0,6.0,51.0,6.0,0.0,0.0,5.0
nu.staldal.lagoon.LagoonGUI,43.3333,0.0,0.0,0.1693,0.0,4.0,1.0,948.0,0.7941,8.0,16.0,5.0,184.0,103.0,16.0,0.0,0.0,21.0
org.apache.commons.cli.HelpFormatter,22.5714,0.0,0.0,0.2667,0.0,0.0,0.1111,1008.0,0.9539,34.0,5.0,0.0,787.0,96.0,5.0,0.0,0.0,42.0
org.apache.commons.cli.Option,11.551,0.0,0.0,0.1633,0.0,0.0,0.8462,628.0,0.8686,39.0,3.0,14.0,800.0,85.0,16.0,0.0,0.0,49.0
org.apache.commons.codec.language.DoubleMetaphone,80.1026,0.0,0.0,0.4046,0.0,0.0,1.0,3169.0,0.9386,9.0,4.0,1.0,727.0,61.0,4.0,0.0,0.0,39.0
org.apache.commons.collections4.list.TreeList,14.3684,0.0,0.0,0.3263,0.0,1.0,1.0,294.0,0.4444,15.0,3.0,1.0,53.0,40.0,3.0,0.0,0.0,19.0
org.apache.commons.collections4.sequence.SequencesComparator,93.8333,0.0,0.0,0.4333,0.0,1.0,1.0,574.0,0.16,3.0,7.0,1.0,0.0,23.0,8.0,0.0,0.0,6.0
org.apache.commons.math3.analysis.FunctionUtils,7.4091,0.0,0.0,0.0974,0.0,0.0,0.0,185.0,2.0,21.0,33.0,31.0,231.0,48.0,64.0,0.0,0.0,22.0
org.apache.commons.math3.analysis.interpolation.TricubicSplineInterpolatingFunction,3611.2,0.0,0.0,0.625,0.0,1.0,1.0,18066.0,0.7,2.0,8.0,1.0,6.0,14.0,9.0,0.0,0.0,5.0
org.apache.commons.math3.dfp.DfpDec,36.2105,18.0,1.0,0.2763,0.9353,0.0,0.0,707.0,2.0,10.0,4.0,0.0,169.0,50.0,4.0,0.0,1.0,19.0
org.apache.commons.math3.distribution.HypergeometricDistribution,19.7895,4.0,1.0,0.5263,0.32,0.0,1.0,401.0,0.6759,14.0,10.0,1.0,133.0,29.0,11.0,0.0,1.0,19.0
org.apache.commons.math3.distribution.fitting.MultivariateNormalMixtureExpectationMaximization,110.0,0.0,0.0,0.4,0.0,1.0,1.0,671.0,0.8,6.0,17.0,0.0,7.0,47.0,17.0,0.0,0.0,6.0
org.apache.commons.math3.fraction.Fraction,23.3902,0.0,0.0,0.2792,0.0,14.0,0.2222,1018.0,0.8917,38.0,10.0,4.0,546.0,64.0,13.0,0.0,0.0,41.0
org.apache.commons.math3.fraction.ProperFractionFormat,28.375,4.0,2.0,0.3214,0.8214,0.0,1.0,237.0,0.7143,8.0,7.0,1.0,26.0,31.0,7.0,0.0,2.0,8.0
org.apache.commons.math3.geometry.euclidean.oned.IntervalsSet,18.8462,5.0,1.0,0.3034,0.4918,0.0,1.0,775.0,1.0263,16.0,13.0,8.0,741.0,70.0,19.0,0.0,1.0,39.0
org.apache.commons.math3.geometry.euclidean.threed.Rotation,117.7273,0.0,0.0,0.2292,0.0,1.0,0.8333,3924.0,0.5052,28.0,12.0,7.0,160.0,60.0,19.0,0.0,0.0,33.0
org.apache.commons.math3.linear.MatrixUtils,34.7895,0.0,0.0,0.0871,0.0,2.0,0.0,1362.0,1.0,35.0,38.0,42.0,703.0,112.0,73.0,0.0,0.0,38.0
org.apache.commons.math3.linear.RectangularCholeskyDecomposition,81.5,0.0,0.0,0.5833,0.0,1.0,1.0,332.0,0.3333,4.0,4.0,1.0,2.0,11.0,5.0,0.0,0.0,4.0
org.apache.commons.math3.linear.SchurTransformer,137.7,0.0,0.0,0.35,0.0,3.0,1.0,1394.0,0.7143,3.0,11.0,1.0,0.0,29.0,12.0,0.0,0.0,10.0
org.apache.commons.math3.ode.AbstractIntegrator,23.9231,0.0,0.0,0.1667,0.0,2.0,1.0,658.0,0.856,17.0,22.0,8.0,191.0,89.0,29.0,2.0,0.0,26.0
org.apache.commons.math3.ode.nonstiff.EmbeddedRungeKuttaIntegrator,56.9091,10.0,2.0,0.3523,0.7907,1.0,1.0,646.0,0.7333,8.0,13.0,3.0,31.0,37.0,16.0,3.0,2.0,11.0
org.apache.commons.math3.optim.nonlinear.scalar.noderiv.AbstractSimplex,31.8,0.0,0.0,0.237,0.0,1.0,1.0,495.0,0.6429,7.0,11.0,3.0,31.0,34.0,14.0,2.0,0.0,15.0
org.apache.commons.math3.optim.univariate.BrentOptimizer,82.6667,2.0,2.0,0.4,0.8636,0.0,1.0,506.0,0.5,2.0,8.0,1.0,9.0,24.0,9.0,0.0,2.0,6.0
org.apache.commons.math3.optimization.direct.CMAESOptimizer,59.0217,3.0,1.0,0.1453,0.3036,12.0,0.8824,2812.0,0.9351,10.0,25.0,1.0,929.0,108.0,25.0,0.0,2.0,46.0
org.apache.commons.math3.optimization.general.LevenbergMarquardtOptimizer,215.2,7.0,2.0,0.4,0.8864,0.0,1.0,2177.0,0.6444,5.0,9.0,0.0,15.0,37.0,9.0,0.0,2.0,10.0
org.apache.commons.math3.optimization.linear.SimplexTableau,33.0938,0.0,0.0,0.1317,0.0,2.0,1.0,1105.0,0.8318,3.0,11.0,1.0,224.0,99.0,12.0,0.0,0.0,32.0
org.apache.commons.math3.util.MathUtils,15.75,0.0,0.0,0.1023,0.0,0.0,0.0,270.0,1.0667,15.0,7.0,92.0,120.0,34.0,99.0,0.0,0.0,16.0
org.apache.commons.math3.util.MultidimensionalCounter,21.0769,0.0,0.0,0.3077,0.0,0.0,1.0,292.0,0.6833,9.0,5.0,1.0,22.0,23.0,5.0,0.0,0.0,13.0
org.apache.lucene.search.exposed.ExposedTimSort,103.7222,0.0,0.0,0.5294,0.0,1.0,0.9091,1896.0,0.754,2.0,1.0,1.0,23.0,31.0,2.0,0.0,0.0,18.0
org.apache.lucene.search.exposed.compare.NamedCollatorComparator,13.0,0.0,0.0,0.2449,0.0,0.0,1.0,201.0,0.6154,14.0,6.0,5.0,9.0,25.0,11.0,0.0,0.0,14.0
org.asphodel.DefaultRepositoryManager,19.5333,0.0,0.0,0.5238,0.0,0.0,1.0,311.0,0.6667,11.0,10.0,1.0,33.0,46.0,11.0,0.0,0.0,15.0
org.databene.jdbacl.DBUtil,27.1818,0.0,0.0,0.0988,0.0,0.0,1.0,1553.0,0.9136,50.0,38.0,21.0,1455.0,202.0,55.0,0.0,0.0,55.0
org.databene.jdbacl.SQLUtil,30.7609,0.0,0.0,0.0686,0.0,0.0,1.0,1465.0,0.95,37.0,15.0,11.0,1027.0,133.0,23.0,0.0,0.0,46.0
org.exolab.jms.net.connector.DefaultConnectionPool,30.8929,0.0,0.0,0.1053,0.0,4.0,1.0,912.0,0.8207,13.0,27.0,4.0,200.0,102.0,28.0,0.0,0.0,28.0
org.exolab.jms.net.socket.SocketRequestInfo,14.3077,0.0,0.0,0.2527,0.0,0.0,1.0,204.0,0.8,11.0,7.0,19.0,24.0,31.0,26.0,1.0,0.0,13.0
org.firebirdsql.encodings.EncodingFactory,107.0,0.0,0.0,0.2321,0.0,0.0,0.6667,1632.0,0.8155,11.0,36.0,12.0,47.0,117.0,48.0,0.0,0.0,15.0
org.firebirdsql.gds.impl.wire.AbstractJavaGDSImpl,73.4105,0.0,0.0,0.1151,0.0,1.0,0.03,7169.0,1.0012,72.0,43.0,2.0,2295.0,271.0,44.0,1.0,0.0,95.0
org.firebirdsql.jdbc.FBProcedureCall,32.1667,0.0,0.0,0.2619,0.0,0.0,0.75,601.0,0.6471,17.0,3.0,3.0,0.0,58.0,6.0,0.0,0.0,18.0
org.fixsuite.message.Library,42.2857,0.0,0.0,0.4583,0.0,0.0,1.0,315.0,1.0556,4.0,4.0,4.0,0.0,44.0,8.0,0.0,0.0,7.0
org.fixsuite.message.view.TreeView,44.9286,0.0,0.0,0.2,0.0,1.0,1.0,653.0,0.8462,6.0,12.0,3.0,55.0,83.0,12.0,0.0,0.0,14.0
org.heal.module.search.AdvSearchDAO,206.7778,0.0,0.0,0.3519,0.0,0.0,1.0,1871.0,0.875,8.0,9.0,2.0,34.0,61.0,11.0,0.0,0.0,9.0
org.heal.util.InterfaceUtilitiesBean,63.7143,0.0,0.0,0.3265,0.0,2.0,1.0,456.0,0.7222,7.0,4.0,6.0,15.0,34.0,10.0,0.0,0.0,7.0
org.javathena.login.Login,55.9737,0.0,0.0,0.1108,0.0,2.0,0.5882,2182.0,0.965,36.0,22.0,10.0,519.0,224.0,26.0,0.0,0.0,38.0
org.javathena.login.UserManagement,63.5522,0.0,0.0,0.0874,0.0,0.0,1.0,4337.0,0.9028,59.0,18.0,8.0,1967.0,274.0,23.0,0.0,0.0,67.0
org.javathena.login.parse.FromClient,97.5,0.0,0.0,0.6667,0.0,0.0,0.0,208.0,2.0,2.0,8.0,1.0,1.0,26.0,9.0,0.0,0.0,2.0
org.javathena.utiles.ConfigurationManagement,18.2154,0.0,0.0,0.0547,0.0,2.0,1.0,1281.0,0.9785,62.0,8.0,8.0,1934.0,145.0,16.0,0.0,0.0,65.0
org.jcvi.jillion.assembly.ca.frg.Distance,15.3333,0.0,0.0,0.2533,0.0,0.0,1.0,252.0,0.7245,11.0,0.0,10.0,65.0,21.0,10.0,0.0,0.0,15.0
org.jcvi.jillion.assembly.consed.phd.DefaultPhdReadTag,26.4444,0.0,0.0,0.2889,0.0,1.0,1.0,253.0,0.625,9.0,2.0,1.0,0.0,16.0,3.0,0.0,0.0,9.0
org.jdom2.Verifier,148.7561,0.0,0.0,0.1531,0.0,0.0,1.0,6152.0,0.975,37.0,3.0,24.0,708.0,69.0,24.0,0.0,0.0,41.0
org.jdom2.output.SAXOutputter,13.3158,0.0,0.0,0.1224,0.0,3.0,1.0,555.0,0.6978,35.0,17.0,1.0,427.0,71.0,18.0,1.0,0.0,38.0
org.jdom2.output.XMLOutputter,12.413,0.0,0.0,0.1458,0.0,3.0,1.0,620.0,0.3926,44.0,13.0,5.0,281.0,78.0,15.0,0.0,0.0,46.0
org.jdom2.transform.JDOMResult,16.6,0.0,0.0,0.25,0.0,2.0,0.8,181.0,0.6444,9.0,6.0,2.0,9.0,25.0,7.0,0.0,0.0,10.0
org.jdom2.util.NamespaceStack,41.8571,0.0,0.0,0.2637,0.0,4.0,1.0,607.0,0.5934,10.0,8.0,5.0,0.0,41.0,13.0,0.0,0.0,14.0
org.jfree.chart.axis.Axis,22.9487,0.0,0.0,0.0839,0.0,6.0,0.6429,1910.0,0.9626,63.0,21.0,18.0,2581.0,165.0,37.0,2.0,0.0,78.0
org.jfree.chart.plot.MultiplePiePlot,31.24,0.0,0.0,0.1042,0.0,3.0,0.9,816.0,0.775,21.0,27.0,2.0,106.0,114.0,29.0,0.0,0.0,25.0
org.jfree.chart.plot.ValueMarker,11.3333,0.0,0.0,0.4444,0.0,0.0,1.0,75.0,0.0,6.0,2.0,3.0,0.0,11.0,5.0,0.0,0.0,6.0
org.jfree.chart.plot.XYPlot,28.2511,0.0,0.0,0.0628,0.0,8.0,0.9206,6820.0,0.964,205.0,54.0,49.0,24921.0,464.0,99.0,2.0,0.0,231.0
org.jfree.chart.renderer.GrayPaintScale,14.6,0.0,0.0,0.375,0.0,0.0,1.0,159.0,0.4444,10.0,3.0,0.0,9.0,17.0,3.0,0.0,0.0,10.0
org.jfree.chart.renderer.category.AbstractCategoryItemRenderer,32.0,0.0,0.0,0.1017,0.0,7.0,1.0,1960.0,0.9085,47.0,44.0,8.0,1549.0,216.0,52.0,8.0,0.0,59.0
org.jfree.chart.renderer.category.MinMaxCategoryRenderer,29.9474,0.0,0.0,0.1238,0.0,0.0,1.0,598.0,0.8444,15.0,14.0,3.0,51.0,56.0,15.0,0.0,0.0,19.0
org.jfree.chart.renderer.category.StatisticalBarRenderer,66.5833,0.0,0.0,0.2333,0.0,0.0,1.0,814.0,0.5455,8.0,18.0,1.0,0.0,56.0,19.0,0.0,0.0,12.0
org.jfree.data.category.DefaultIntervalCategoryDataset,23.4375,0.0,0.0,0.1938,0.0,0.0,1.0,786.0,0.6129,29.0,7.0,0.0,324.0,52.0,7.0,0.0,0.0,32.0
org.jfree.data.time.TimePeriodValues,21.5926,0.0,0.0,0.213,0.0,0.0,0.9167,622.0,0.734,25.0,6.0,1.0,221.0,52.0,7.0,0.0,0.0,27.0
org.jfree.data.time.TimeSeries,27.0,0.0,0.0,0.1356,0.0,0.0,1.0,1635.0,0.7815,51.0,8.0,4.0,949.0,120.0,12.0,0.0,0.0,58.0
org.joda.time.DateTimeZone,26.7234,0.0,0.0,0.112,0.0,1.0,0.75,1311.0,0.913,36.0,18.0,79.0,993.0,114.0,86.0,5.0,0.0,47.0
org.joda.time.MutableDateTime,10.5238,0.0,0.0,0.1284,0.0,1.0,0.3333,977.0,0.9023,84.0,19.0,8.0,3476.0,170.0,24.0,0.0,0.0,84.0
org.joda.time.MutablePeriod,7.125,0.0,0.0,0.1677,0.0,0.0,1.0,586.0,1.0141,72.0,14.0,6.0,2556.0,120.0,17.0,0.0,0.0,72.0
org.joda.time.Partial,35.4848,0.0,0.0,0.1725,0.0,3.0,1.0,1209.0,0.5438,30.0,17.0,1.0,188.0,84.0,17.0,0.0,0.0,33.0
org.joda.time.Period,20.5632,0.0,0.0,0.1395,0.0,1.0,0.5,1878.0,0.9942,84.0,20.0,21.0,3739.0,133.0,33.0,0.0,0.0,87.0
org.joda.time.base.BasePeriod,23.6129,0.0,0.0,0.2306,0.0,2.0,1.0,767.0,0.75,4.0,19.0,2.0,233.0,84.0,20.0,2.0,0.0,31.0
org.joda.time.base.BaseSingleFieldPeriod,16.3684,0.0,0.0,0.1813,0.0,0.0,1.0,333.0,0.8889,13.0,13.0,7.0,165.0,56.0,20.0,7.0,0.0,19.0
org.joda.time.chrono.BasicMonthOfYearDateTimeField,35.7222,0.0,0.0,0.3333,0.0,1.0,1.0,666.0,0.7529,16.0,9.0,4.0,0.0,58.0,13.0,1.0,0.0,18.0
org.joda.time.chrono.LimitChronology,39.9375,0.0,0.0,0.1538,0.0,3.0,0.5,659.0,0.6333,11.0,14.0,7.0,102.0,53.0,18.0,0.0,0.0,16.0
org.joda.time.format.DateTimeFormatter,17.84,0.0,0.0,0.108,0.0,4.0,1.0,950.0,0.6148,42.0,22.0,32.0,683.0,96.0,48.0,0.0,0.0,50.0
org.joda.time.format.DateTimeFormatterBuilder,12.8421,0.0,0.0,0.1234,0.0,0.0,1.0,1054.0,0.1533,65.0,24.0,11.0,2830.0,140.0,28.0,0.0,0.0,76.0
org.joda.time.format.PeriodFormatterBuilder,17.0,0.0,0.0,0.1583,0.0,2.0,1.0,908.0,0.9351,38.0,13.0,3.0,1072.0,79.0,15.0,0.0,0.0,49.0
org.joda.time.tz.ZoneInfoCompiler,81.25,0.0,0.0,0.1106,0.0,2.0,0.6667,1322.0,0.8556,4.0,16.0,3.0,114.0,119.0,16.0,0.0,0.0,16.0
org.jsecurity.util.AntPathMatcher,80.0,0.0,0.0,0.6667,0.0,0.0,0.5,731.0,0.75,7.0,2.0,2.0,24.0,19.0,4.0,0.0,0.0,9.0
org.jsecurity.web.DefaultWebSecurityManager,16.0,0.0,0.0,0.191,0.0,0.0,0.3333,431.0,0.8819,15.0,15.0,3.0,248.0,74.0,18.0,0.0,0.0,25.0
org.jsecurity.web.filter.authc.BasicHttpAuthenticationFilter,12.9375,0.0,0.0,0.5167,0.0,0.0,1.0,229.0,0.8889,7.0,6.0,1.0,96.0,35.0,7.0,0.0,0.0,16.0
org.mozilla.javascript.Parser,73.2121,0.0,0.0,0.1894,0.0,2.0,0.6667,4919.0,0.7143,6.0,17.0,2.0,355.0,208.0,18.0,0.0,0.0,66.0
org.objectweb.asm.jip.ClassReader,143.1786,0.0,0.0,0.1964,0.0,0.0,0.2143,4051.0,0.8386,19.0,12.0,6.0,164.0,106.0,15.0,0.0,0.0,28.0
org.objectweb.asm.jip.MethodWriter,123.0233,0.0,0.0,0.1566,0.0,19.0,0.7193,5390.0,0.9177,24.0,13.0,3.0,161.0,93.0,13.0,0.0,0.0,43.0
org.objectweb.asm.jip.commons.LocalVariablesSorter,35.25,0.0,0.0,0.3409,0.0,1.0,1.0,441.0,0.6667,7.0,5.0,1.0,22.0,28.0,6.0,1.0,0.0,12.0
org.pdfsam.guiclient.business.thumbnails.callables.JPodThmbnailCallable,51.0,0.0,0.0,0.375,0.0,2.0,1.0,265.0,0.5,3.0,17.0,1.0,6.0,50.0,18.0,0.0,0.0,5.0
org.petsoar.order.CreditCardInfo,7.1429,0.0,0.0,0.4762,0.0,0.0,0.4286,64.0,1.0238,7.0,0.0,2.0,15.0,10.0,2.0,0.0,0.0,7.0
org.petsoar.search.lucene.DefaultLuceneDocumentFactory,26.6364,0.0,0.0,0.4,0.0,0.0,1.0,305.0,0.4,5.0,10.0,1.0,49.0,53.0,11.0,0.0,0.0,11.0
org.quickserver.net.client.monitoring.HostMonitoringService,18.3846,0.0,0.0,0.124,0.0,2.0,1.0,513.0,0.8578,23.0,5.0,2.0,273.0,69.0,6.0,0.0,0.0,26.0
org.quickserver.net.server.impl.BlockingClientHandler,64.6,0.0,0.0,0.1574,0.0,0.0,1.0,1641.0,0.7083,16.0,19.0,1.0,240.0,117.0,20.0,0.0,0.0,25.0
org.quickserver.net.server.impl.NonBlockingClientHandler,76.1957,0.0,0.0,0.1071,0.0,2.0,0.95,3571.0,0.8511,28.0,22.0,3.0,587.0,194.0,24.0,0.0,0.0,46.0
org.quickserver.util.xmlreader.QuickServerConfig,43.8824,0.0,0.0,0.2451,0.0,4.0,1.0,770.0,0.8036,16.0,13.0,4.0,110.0,66.0,16.0,0.0,0.0,17.0
org.saxpath.Axis,37.6667,0.0,0.0,0.3333,0.0,0.0,0.0,130.0,1.5,3.0,0.0,1.0,3.0,5.0,1.0,0.0,0.0,3.0
org.scribe.model.OAuthConfig,7.0,0.0,0.0,0.4583,0.0,1.0,1.0,69.0,0.6857,8.0,1.0,9.0,14.0,9.0,10.0,0.0,0.0,8.0
org.scribe.model.OAuthRequest,5.7391,0.0,0.0,0.236,0.0,0.0,1.0,157.0,0.9773,22.0,3.0,9.0,247.0,48.0,12.0,0.0,0.0,23.0
org.scribe.model.Request,12.6538,0.0,0.0,0.2067,0.0,1.0,1.0,366.0,0.8509,20.0,4.0,1.0,231.0,65.0,5.0,1.0,0.0,26.0
org.scribe.model.Response,11.8889,0.0,0.0,0.4444,0.0,0.0,1.0,121.0,0.8,5.0,1.0,4.0,20.0,24.0,5.0,0.0,0.0,9.0
org.scribe.model.Token,8.3333,0.0,0.0,0.6667,0.0,0.0,1.0,60.0,0.65,6.0,0.0,25.0,3.0,9.0,25.0,0.0,0.0,6.0
org.scribe.model.Verifier,6.0,0.0,0.0,0.75,0.0,0.0,1.0,15.0,0.0,2.0,1.0,3.0,0.0,4.0,4.0,0.0,0.0,2.0
org.sourceforge.ifx.basetypes.IFXObject,73.6667,0.0,0.0,0.4583,0.0,0.0,1.0,449.0,1.2,3.0,1.0,1185.0,15.0,29.0,1186.0,1182.0,0.0,6.0
org.tartarus.snowball.ext.englishStemmer,126.0,0.0,0.0,0.3667,0.0,12.0,1.0,2686.0,0.8658,4.0,3.0,0.0,0.0,37.0,3.0,0.0,0.0,21.0
org.tartarus.snowball.ext.italianStemmer,220.875,0.0,0.0,0.3778,0.0,9.0,1.0,3566.0,0.8458,4.0,3.0,0.0,0.0,30.0,3.0,0.0,0.0,16.0
org.tartarus.snowball.ext.turkishStemmer,124.087,0.0,0.0,0.3481,0.0,25.0,1.0,5790.0,0.8302,4.0,3.0,0.0,775.0,60.0,3.0,0.0,0.0,46.0
org.templateit.Region,13.2222,0.0,0.0,0.5185,0.0,2.0,1.0,130.0,0.375,9.0,1.0,3.0,0.0,16.0,4.0,1.0,0.0,9.0
org.templateit.WorkbookParser,65.3333,0.0,0.0,0.4,0.0,2.0,1.0,402.0,0.5,3.0,15.0,1.0,3.0,65.0,16.0,0.0,0.0,6.0
org.znerd.xmlenc.XMLChecker,114.9474,0.0,0.0,0.2421,0.0,0.0,0.0,2203.0,2.0,11.0,1.0,2.0,171.0,30.0,3.0,0.0,0.0,19.0
org.znerd.xmlenc.XMLEncoder,69.4167,0.0,0.0,0.4416,0.0,0.0,1.0,860.0,0.7758,11.0,2.0,1.0,32.0,32.0,3.0,0.0,0.0,12.0
osa.ora.server.admin.ui.UpdateUserPanel,68.3529,0.0,0.0,0.2689,0.0,2.0,0.9048,1200.0,0.5923,2.0,10.0,7.0,74.0,94.0,10.0,0.0,0.0,17.0
osa.ora.server.client.ui.utils.FontChooserDialog,56.0,0.0,0.0,0.5,0.0,1.0,1.0,173.0,0.25,3.0,5.0,5.0,0.0,35.0,5.0,0.0,0.0,3.0
server.ServerGameModel,94.1111,0.0,0.0,0.5556,0.0,1.0,1.0,863.0,0.75,6.0,6.0,1.0,0.0,20.0,6.0,0.0,0.0,9.0
simulator.CA.ConsumerAgent,94.0667,0.0,0.0,0.2,0.0,5.0,0.9,1446.0,0.8429,3.0,45.0,11.0,29.0,133.0,46.0,0.0,0.0,15.0
simulator.CA.gui.ConsumerGUI,110.375,0.0,0.0,0.1875,0.0,3.0,1.0,913.0,0.961,5.0,16.0,3.0,16.0,97.0,16.0,0.0,0.0,8.0
src.Battle,518.6667,0.0,0.0,0.6296,0.0,0.0,0.0,4677.0,2.0,9.0,11.0,0.0,36.0,64.0,11.0,0.0,0.0,9.0
src.Purchase,68.1667,0.0,0.0,0.6111,0.0,0.0,0.0,415.0,2.0,6.0,6.0,0.0,15.0,43.0,6.0,0.0,0.0,6.0
src.VassalRebellion,51.0,0.0,0.0,0.75,0.0,1.0,1.0,105.0,1.0,2.0,4.0,0.0,1.0,15.0,4.0,0.0,0.0,2.0
teder.TederFrame,35.5294,0.0,0.0,0.3824,0.0,2.0,0.0,637.0,0.8789,17.0,4.0,5.0,70.0,73.0,7.0,0.0,0.0,17.0
twitter4j.ExceptionDiagnosis,20.5455,0.0,0.0,0.2909,0.0,0.0,1.0,241.0,0.675,3.0,0.0,1.0,5.0,28.0,1.0,0.0,0.0,11.0
twitter4j.GeoQuery,17.5217,0.0,0.0,0.2671,0.0,1.0,1.0,433.0,0.7078,19.0,2.0,2.0,73.0,44.0,4.0,0.0,0.0,23.0
twitter4j.OEmbedRequest,22.48,0.0,0.0,0.204,0.0,2.0,1.0,599.0,0.7951,22.0,4.0,2.0,90.0,54.0,6.0,0.0,0.0,25.0
twitter4j.Paging,18.4286,0.0,0.0,0.25,0.0,1.0,0.6364,555.0,0.798,21.0,1.0,5.0,232.0,43.0,6.0,0.0,0.0,28.0
twitter4j.TwitterBaseImpl,22.6111,0.0,0.0,0.1131,0.0,4.0,0.5556,859.0,0.7905,25.0,32.0,3.0,238.0,121.0,33.0,1.0,0.0,36.0
twitter4j.TwitterException,22.2308,0.0,0.0,0.2114,0.0,2.0,1.0,612.0,0.7,21.0,11.0,62.0,121.0,65.0,70.0,0.0,0.0,26.0
twitter4j.TwitterImpl,26.8731,0.0,0.0,0.0967,0.0,3.0,1.0,7262.0,0.9753,238.0,53.0,1.0,0.0,398.0,53.0,0.0,0.0,260.0
uk.me.jockmacmad.jstate.state.Transition,11.0833,0.0,0.0,0.2619,0.0,3.0,1.0,150.0,0.7818,11.0,7.0,1.0,30.0,25.0,8.0,0.0,0.0,12.0
umd.cs.shop.JSJshop,45.15,0.0,0.0,0.2719,0.0,6.0,0.75,931.0,0.7763,19.0,14.0,0.0,102.0,92.0,14.0,0.0,0.0,20.0
umd.cs.shop.JSPredicateForm,58.3333,0.0,0.0,0.3333,0.0,0.0,0.0,712.0,2.0,10.0,5.0,8.0,66.0,49.0,12.0,2.0,0.0,12.0
umd.cs.shop.JSState,39.0,0.0,0.0,0.3438,0.0,0.0,1.0,321.0,1.1429,6.0,11.0,8.0,28.0,49.0,16.0,0.0,0.0,8.0
umd.cs.shop.JSTerm,59.5909,0.0,0.0,0.2818,0.0,0.0,1.0,1337.0,0.3929,19.0,7.0,7.0,81.0,65.0,10.0,0.0,0.0,22.0
visu.handball.moves.actions.CreateMovePdfAction,68.3333,0.0,0.0,0.5,0.0,0.0,0.0,208.0,2.0,1.0,10.0,2.0,3.0,42.0,10.0,0.0,0.0,3.0
visu.handball.moves.xml.HandballModelReader,42.3333,0.0,0.0,0.4167,0.0,1.0,1.0,393.0,0.5833,7.0,12.0,3.0,18.0,62.0,14.0,0.0,0.0,9.0
weka.classifiers.Evaluation,70.781,0.0,0.0,0.0978,0.0,4.0,1.0,7583.0,0.8788,90.0,38.0,24.0,3450.0,283.0,61.0,1.0,0.0,105.0
weka.classifiers.bayes.net.search.ci.ICSSearchAlgorithm,69.6667,0.0,0.0,0.254,0.0,0.0,0.5,1274.0,0.8529,10.0,10.0,1.0,141.0,60.0,10.0,0.0,0.0,18.0
weka.core.FindWithCapabilities,65.6538,0.0,0.0,0.25,0.0,4.0,1.0,1743.0,0.792,26.0,12.0,0.0,159.0,100.0,12.0,0.0,0.0,26.0
weka.core.Memory,16.1333,0.0,0.0,0.2857,0.0,0.0,1.0,263.0,0.6905,14.0,3.0,17.0,81.0,34.0,20.0,0.0,0.0,15.0
wheel.asm.ClassReader,140.25,0.0,0.0,0.1964,0.0,0.0,0.2143,3969.0,0.8386,19.0,12.0,4.0,164.0,105.0,13.0,0.0,0.0,28.0
wheel.asm.ClassWriter,47.0556,0.0,0.0,0.1905,0.0,16.0,0.2647,1798.0,0.9479,18.0,12.0,7.0,386.0,96.0,14.0,0.0,0.0,36.0
wheel.asm.FieldWriter,61.5,0.0,0.0,0.2917,0.0,5.0,0.9,385.0,0.66,3.0,7.0,1.0,0.0,18.0,7.0,0.0,0.0,6.0
wheel.util.DynamicSelectModel,19.7895,0.0,0.0,0.2331,0.0,6.0,1.0,403.0,0.7222,19.0,5.0,2.0,81.0,38.0,6.0,0.0,0.0,19.0
